Year,Title,Category 1,Category 2,Entity 1,Entity 2,Location,URL,Required response URL,Invited response (if different)
2016,Reporting Santa Cruz County Retirement Costs and Obligations,Government,,Board of Supervisors,,County,https://www.santacruzcountyca.gov/Portals/0/County/GrandJury/GJ2016_final/ReportingRetirementCostsAndObligations.pdf,https://www.santacruzcountyca.gov/Portals/0/County/GrandJury/GJ2016_final/RRCO_SCCBoS_Response.pdf,
2016,Santa Cruz County Mental Health Advisory Board Revisited,Public Health,,Board of Supervisors,Mental Health Advisory Board,County,https://www.santacruzcountyca.gov/Portals/0/County/GrandJury/GJ2016_final/MentalHealthAdvisoryBoardRevisited.pdf,https://www.santacruzcountyca.gov/Portals/0/County/GrandJury/GJ2016_final/MHABRevisited_SCCBoS_Response.pdf,https://www.santacruzcountyca.gov/Portals/0/County/GrandJury/GJ2016_final/MHABRevisited_MHAB_Response.pdf
2016,Soquel Union Elementary School Board – Full Disclosure is Not Optional,Schools,Government,SUESD,,Capitola,https://www.santacruzcountyca.gov/Portals/0/County/GrandJury/GJ2016_final/SoquelSchoolBoardFullDisclosure.pdf,https://www.santacruzcountyca.gov/Portals/0/County/GrandJury/GJ2016_final/SUESDFullDisclosure_SUESDBoT_Response.pdf,
2016,Very Civil Asset Forfeiture in Santa Cruz County,Public Safety,,District Attorney,,County,https://www.santacruzcountyca.gov/Portals/0/County/GrandJury/GJ2016_final/VeryCivilAssetForfeiture.pdf,https://www.santacruzcountyca.gov/Portals/0/County/GrandJury/GJ2016_final/VeryCivilAssetForfeiture_DA_Response.pdf,
2016,K-12 School Safety and Emergency Plan Audit,Schools,,Office of Education,,County,https://www.santacruzcountyca.gov/Portals/0/County/GrandJury/GJ2016_final/K-12SchoolSafetyandEmergencyPlanAudit.pdf,https://www.santacruzcountyca.gov/Portals/0/County/GrandJury/GJ2016_final/K-12SchoolPlanAudit_SCCOEBoT_Response.pdf,
2016,Santa Cruz County Domestic Violence Commission – Missing in Action,Public Safety,,Board of Supervisors,,County,https://www.santacruzcountyca.gov/Portals/0/County/GrandJury/GJ2016_final/DomesticViolenceCommission.pdf,https://www.santacruzcountyca.gov/Portals/0/County/GrandJury/GJ2016_final/DomesticViolenceCommission_SCCBoS_Response.pdf,
2016,Another Death in Our Jail,Jails,,Board of Supervisors,Sheriff-Coroner,Main Jail,https://www.santacruzcountyca.gov/Portals/0/County/GrandJury/GJ2016_final/AnotherDeathInOurJail.pdf,https://www.santacruzcountyca.gov/Portals/0/County/GrandJury/GJ2016_final/AnotherDeathInOurJail_SCCBoS_Response.pdf,https://www.santacruzcountyca.gov/Portals/0/County/GrandJury/GJ2016_final/AnotherDeathInOurJail_Sheriff_Response.pdf
2016,Jails in Transition – 2015-2016 Jail Inspection Report,Jails,,Sheriff-Coroner,,Jails,https://www.santacruzcountyca.gov/Portals/0/County/GrandJury/GJ2016_final/JailsInTransition.pdf,https://www.santacruzcountyca.gov/Portals/0/County/GrandJury/GJ2016_final/JailsInTransition_Sheriff_Response.pdf,
2016,Felton Fire Protection District’s Surplus Land Sale,Government,,Felton Fire Protection District,,Felton,https://www.santacruzcountyca.gov/Portals/0/County/GrandJury/GJ2016_final/FeltonFireSurplusLandSale.pdf,https://www.santacruzcountyca.gov/Portals/0/County/GrandJury/GJ2016_final/FeltonFireSurplusLandSale_FFPDBoD_Response.pdf,
2016,Capitola Police Department’s Citizen Complaint Procedures,Public Safety,,Capitola Police,,Capitola,https://www.santacruzcountyca.gov/Portals/0/County/GrandJury/GJ2016_final/CapitolaPoliceComplaintProcedures.pdf,https://www.santacruzcountyca.gov/Portals/0/County/GrandJury/GJ2016_final/CapitolaPoliceComplaintProcedures_CCC_Response.pdf,
2017,Every Vote Counts - A Look at Our County Elections Department,Elections,,Board of Supervisors,County Clerk,County,https://www.santacruzcountyca.gov/Portals/0/County/GrandJury/GJ2017_final/EveryVoteCounts.pdf,https://www.santacruzcountyca.gov/Portals/0/County/GrandJury/GJ2017_final/EveryVoteCounts_SCCBoS_Response.pdf,https://www.santacruzcountyca.gov/Portals/0/County/GrandJury/GJ2017_final/EveryVoteCounts_SCCClerk_Response.pdf
2017,Soquel Union Elementary School District and the Brown Act,Schools,Government,SUESD,,Capitola,https://www.santacruzcountyca.gov/Portals/0/County/GrandJury/GJ2017_final/SUESDandBrownAct.pdf,https://www.santacruzcountyca.gov/Portals/0/County/GrandJury/GJ2017_final/SUESDandBrownAct_Board_Response.pdf,
2017,Assessing the Threat of Violence in our Public Schools,Schools,Public Safety,Superintendent of Schools,Sheriff-Coroner,County,https://www.santacruzcountyca.gov/Portals/0/County/GrandJury/GJ2017_final/SchoolThreatAssessment.pdf,https://www.santacruzcountyca.gov/Portals/0/County/GrandJury/GJ2017_final/SchoolThreatAssessment_Superintendent_Response.pdf,https://www.santacruzcountyca.gov/Portals/0/County/GrandJury/GJ2017_final/SchoolThreatAssessment_Sheriff_Response.pdf
2017,Pajaro Valley Unified School District Bond Measure L,Schools,,PVUSD,,Pajaro Valley,https://www.santacruzcountyca.gov/Portals/0/County/GrandJury/GJ2017_final/PVUSDBondMeasureL.pdf,https://www.santacruzcountyca.gov/Portals/0/County/GrandJury/GJ2017_final/PVUSDBondMeasureL_Board_Response.pdf,
2017,Sharper Solutions – A Sticky Situation That Won’t Go Away,Public Health,,Board of Supervisors,Health Services Agency,County,https://www.santacruzcountyca.gov/Portals/0/County/GrandJury/GJ2017_final/SharperSolutions.pdf,https://www.santacruzcountyca.gov/Portals/0/County/GrandJury/GJ2017_final/SharperSolutions_BoS_Response.pdf,https://www.santacruzcountyca.gov/Portals/0/County/GrandJury/GJ2017_final/SharperSolutions_DirectorHSA_Response.pdf
2017,Jails in Santa Cruz County,Jails,,Board of Supervisors,Sheriff-Coroner,County,https://www.santacruzcountyca.gov/Portals/0/County/GrandJury/GJ2017_final/JailsInSantaCruzCounty.pdf,https://www.santacruzcountyca.gov/Portals/0/County/GrandJury/GJ2017_final/JailsInSantaCruzCounty_BoS_Response.pdf,https://www.santacruzcountyca.gov/Portals/0/County/GrandJury/GJ2017_final/JailsInSantaCruzCounty_Sheriff_Response.pdf
2017,Santa Cruz Metropolitan Transit District – The Bus Stops Here,Transportation,,Metropolitan Transit District,,County,https://www.santacruzcountyca.gov/Portals/0/County/GrandJury/GJ2017_final/SantaCruzMetro.pdf,https://www.santacruzcountyca.gov/Portals/0/County/GrandJury/GJ2017_final/SantaCruzMetro_Board_Response.pdf,https://www.santacruzcountyca.gov/Portals/0/County/GrandJury/GJ2017_final/SantaCruzMetro_CEO_Response.pdf
2018,Threat Assessment in Our Public Schools,Schools,Public Safety,Sheriff-Coroner,Superintendent of Schools,County,https://www.santacruzcountyca.gov/Portals/0/County/GrandJury/GJ2018_final/SchoolThreatFollowUp.pdf,https://www.santacruzcountyca.gov/Portals/0/County/GrandJury/GJ2018_final/SchoolThreatFollowUp_Sheriff_Response.pdf,https://www.santacruzcountyca.gov/Portals/0/County/GrandJury/GJ2018_final/SchoolThreatFollowUp_Superintendent_Response.pdf
2018,Mental Health Crisis - Seeking an Integrated Response,Public Health,Public Safety,Board of Supervisors,Health Services Agency,County,https://www.santacruzcountyca.gov/Portals/0/County/GrandJury/GJ2018_final/MentalHealthCrisis.pdf,https://www.santacruzcountyca.gov/Portals/0/County/GrandJury/GJ2018_final/MentalHealthCrisis_BoS_Response.pdf,https://www.santacruzcountyca.gov/Portals/0/County/GrandJury/GJ2018_final/MentalHealthCrisis_HSA_Response.pdf
2018,San Lorenzo Valley Water District,Government,Infrastructure,San Lorenzo Valley Water District,,Santa Cruz Mountains,https://www.santacruzcountyca.gov/Portals/0/County/GrandJury/GJ2018_final/SLVWDAndThePublic.pdf,https://www.santacruzcountyca.gov/Portals/0/County/GrandJury/GJ2018_final/SLVWDAndThePublic_BoD_Response.pdf,
2018,Data-Driven Budgeting - New Ways To Get Better Results,Government,,Board of Supervisors,County Executive Officer,County,https://www.santacruzcountyca.gov/Portals/0/County/GrandJury/GJ2018_final/DataDrivenBudgeting.pdf,https://www.santacruzcountyca.gov/Portals/0/County/GrandJury/GJ2018_final/DataDrivenBudgeting_BoS_Response.pdf,https://www.santacruzcountyca.gov/Portals/0/County/GrandJury/GJ2018_final/DataDrivenBudgeting_CAO_Response.pdf
2018,These Are Our Children - Responding to Youth Homelessness in Santa Cruz County,Public Health,Child Protection,Board of Supervisors,County Executive Officer,County,https://www.santacruzcountyca.gov/Portals/0/County/GrandJury/GJ2018_final/TheseAreOurChildren.pdf,https://www.santacruzcountyca.gov/Portals/0/County/GrandJury/GJ2018_final/TheseAreOurChildren_BoS_Response.pdf,https://www.santacruzcountyca.gov/Portals/0/County/GrandJury/GJ2018_final/TheseAreOurChildren_CAO_Response.pdf
2018,Our Public Defender System - Anticipating Structural Change,Public Safety,,Board of Supervisors,County Executive Officer,County,https://www.santacruzcountyca.gov/Portals/0/County/GrandJury/GJ2018_final/PublicDefender.pdf,https://www.santacruzcountyca.gov/Portals/0/County/GrandJury/GJ2018_final/PublicDefender_BoS_Response.pdf,https://www.santacruzcountyca.gov/Portals/0/County/GrandJury/GJ2018_final/PublicDefender_CAO_Response.pdf
2019,2018-2019 Detention Facilities Inspection Report,Jails,,Sheriff-Coroner,Board of Supervisors,County,https://www.santacruzcountyca.gov/Portals/0/County/GrandJury/GJ2019_final/DetentionFacilitiesInspectionReport.pdf,https://www.santacruzcountyca.gov/Portals/0/County/GrandJury/GJ2019_final/DetentionFacilitiesInspectionSheriffResponse.pdf,https://www.santacruzcountyca.gov/Portals/0/County/GrandJury/GJ2019_final/DetentionFacilitiesInspectionBoSResponse.pdf
2019,Patron Privacy at Santa Cruz Public Libraries,Libraries,,"Director, Santa Cruz Public Libraries",Library Joint Powers Authority,County,https://www.santacruzcountyca.gov/Portals/0/County/GrandJury/GJ2019_final/SantaCruzPublicLibrariesReport.pdf,https://www.santacruzcountyca.gov/Portals/0/County/GrandJury/GJ2019_final/SCPLDirResponse.pdf,https://www.santacruzcountyca.gov/Portals/0/County/GrandJury/GJ2019_final/SCPLLJPAResponse.pdf
2019,Santa Cruz County Probation - Officers Inadequately Equipped and At Risk,Public Safety,,Board of Supervisors,Chief Probation Officer,County,https://www.santacruzcountyca.gov/Portals/0/County/GrandJury/GJ2019_final/SantaCruzCountyProbation.pdf,https://www.santacruzcountyca.gov/Portals/0/County/GrandJury/GJ2019_final/ProbationBoSResponse.pdf,https://www.santacruzcountyca.gov/Portals/0/County/GrandJury/GJ2019_final/ProbationCPOResponse.pdf
2019,Santa Cruz County's Public Defense Contracts,Public Safety,,Board of Supervisors,Auditor-Controller,County,https://www.santacruzcountyca.gov/Portals/0/County/GrandJury/GJ2019_final/PublicDefenseContracts.pdf,https://www.santacruzcountyca.gov/Portals/0/County/GrandJury/GJ2019_final/Board%20of%20Supervisors%20Response.pdf,https://www.santacruzcountyca.gov/Portals/0/County/GrandJury/GJ2019_final/ACTTC%20Response.pdf
2020,The Tangled Web,Government,Information Technology,Board of Supervisors,County Executive Officer,County,https://www.santacruzcountyca.gov/Portals/0/County/GrandJury/GJ2020_final/TangledWeb_Report.pdf,https://www.santacruzcountyca.gov/Portals/0/County/GrandJury/GJ2020_final/1aR_TangledWeb_BoS_Response.pdf,https://www.santacruzcountyca.gov/Portals/0/County/GrandJury/GJ2020_final/1fI_TangledWeb_CAO_Response.pdf
2020,DeLaveaga Golf Course,Parks,,Santa Cruz City Council,Santa Cruz City Manager,Santa Cruz,https://www.santacruzcountyca.gov/Portals/0/County/GrandJury/GJ2020_final/DeLaveagaGolf_Report.pdf,https://www.santacruzcountyca.gov/Portals/0/County/GrandJury/GJ2020_final/2aR_DeLaveagaGolf_SCCityCouncil_Response.pdf,https://www.santacruzcountyca.gov/Portals/0/County/GrandJury/GJ2020_final/2bI_DeLaveagaGolf_SCCityManager_Response.pdf
2020,Managers of Risk or Victims of Risk,Government,Finance,Capitola City Council,Santa Cruz City Council,Cities,https://www.santacruzcountyca.gov/Portals/0/County/GrandJury/GJ2020_final/ManagingCityRisks_Report.pdf,https://www.santacruzcountyca.gov/Portals/0/County/GrandJury/GJ2020_final/3aR_ManagingCityRisks_CapitolaCC_Response.pdf,https://www.santacruzcountyca.gov/Portals/0/County/GrandJury/GJ2020_final/3bR_ManagingCityRisks_SantaCruzCC_Response.pdf
2020,Fail in the Jail,Jails,,Sheriff-Coroner,Board of Supervisors,County,https://www.santacruzcountyca.gov/Portals/0/County/GrandJury/GJ2020_final/JailInfrastructure_Report.pdf,https://www.santacruzcountyca.gov/Portals/0/County/GrandJury/GJ2020_final/4aR_JailInfrastructure_Sheriff_Response.pdf,https://www.santacruzcountyca.gov/Portals/0/County/GrandJury/GJ2020_final/4bR_JailInfrastructure_BoS_Response.pdf
2020,Voter Data - Registering Concerns,Elections,,County Ckerk,Board of Supervisors,County,https://www.santacruzcountyca.gov/Portals/0/County/GrandJury/GJ2020_final/VoterData_Report.pdf,https://www.santacruzcountyca.gov/Portals/0/County/GrandJury/GJ2020_final/6aR_VoterData_CountyClerk_Response.pdf,https://www.santacruzcountyca.gov/Portals/0/County/GrandJury/GJ2020_final/6bR_VoterData_BoS_Response.pdf
2020,A Failure to Communicate,Government,,Santa Cruz City Council,Santa Cruz City Manager,Santa Cruz,https://www.santacruzcountyca.gov/Portals/0/County/GrandJury/GJ2020_final/CouncilChaos_Report.pdf,https://www.santacruzcountyca.gov/Portals/0/County/GrandJury/GJ2020_final/7aR_CouncilChaos_CityCouncil_Response.pdf,https://www.santacruzcountyca.gov/Portals/0/County/GrandJury/GJ2020_final/7bI_CouncilChaos_CityManager_Response.pdf
2020,Fire and Safety Inspections in Santa Cruz County,Fire Safety,,Felton Fire Protection District,Scotts Valley Fire Protection District,County,https://www.santacruzcountyca.gov/Portals/0/County/GrandJury/GJ2020_final/FireInspection_Report.pdf,https://www.santacruzcountyca.gov/Portals/0/County/GrandJury/GJ2020_final/8aR_FireInspection_FeltonFireBoD_Response.pdf,https://www.santacruzcountyca.gov/Portals/0/County/GrandJury/GJ2020_final/8bR_FireInspection_SVFireBoD_Response.pdf
2020,Homelessness: Big Problem Little Progress,Public Health,Homelessness,Board of Supervisors,Sheriff-Coroner,County,https://www.santacruzcountyca.gov/Portals/0/County/GrandJury/GJ2020_final/MicroHomes_Report.pdf,https://www.santacruzcountyca.gov/Portals/0/County/GrandJury/GJ2020_final/9aR_MicroHomes_BoS_Response.pdf,https://www.santacruzcountyca.gov/Portals/0/County/GrandJury/GJ2020_final/9bR_MicroHomes_Sheriff_Response.pdf
2020,Ready? Aim? Fire!,Fire Safety,Climate Change,Board of Supervisors,LAFCO,County,https://www.santacruzcountyca.gov/Portals/0/County/GrandJury/GJ2020_final/FireRisks_Report.pdf,https://www.santacruzcountyca.gov/Portals/0/County/GrandJury/GJ2020_final/10aR_FireRisks_BoS_Response.pdf,https://www.santacruzcountyca.gov/Portals/0/County/GrandJury/GJ2020_final/10bR_FireRisks_LAFCO_Response.pdf
2021,Chasing the Pandemic,Public Health,,Board of Supervisors,Public Information Officer,County,https://www.santacruzcountyca.gov/Portals/0/County/GrandJury/GJ2021_final/1_TestAndTrace_Report.pdf,https://www.santacruzcountyca.gov/Portals/0/County/GrandJury/GJ2021_final/1a_TestAndTrace_BoS_Required_Response.pdf,https://www.santacruzcountyca.gov/Portals/0/County/GrandJury/GJ2021_final/1c_TestAndTrace_SaveLivesPIO_Invited_Response.pdf
2021,Wildfire Threat to the City of Santa Cruz,Fire Safety,,Santa Cruz City Council,,Santa Cruz,https://www.santacruzcountyca.gov/Portals/0/County/GrandJury/GJ2021_final/2_CityWildfire_Report.pdf,https://www.santacruzcountyca.gov/Portals/0/County/GrandJury/GJ2021_final/2a_CityWildfire_CityCouncil_Required_Response.pdf,
2021,Distance Learning During the Pandemic in the Pajaro Valley Unified School District,Schools,Public Health,Board of Supervisors,PVUSD,Pajaro Valley,https://www.santacruzcountyca.gov/Portals/0/County/GrandJury/GJ2021_final/5_DistLearn_Report.pdf,https://www.santacruzcountyca.gov/Portals/0/County/GrandJury/GJ2021_final/5a_DistLearn_BoS_Required_Response.pdf,https://www.santacruzcountyca.gov/Portals/0/County/GrandJury/GJ2021_final/5b_DistLearn_BoT-PVUSD_Required_Response.pdf
2021,Justice in the Jail,Jails,,Board of Supervisors,Sheriff-Coroner,County,https://www.santacruzcountyca.gov/Portals/0/County/GrandJury/GJ2021_final/3_JailJustice_Report.pdf,https://www.santacruzcountyca.gov/Portals/0/County/GrandJury/GJ2021_final/3a_JailJustice_BoS_Required_Response.pdf,https://www.santacruzcountyca.gov/Portals/0/County/GrandJury/GJ2021_final/3b_JailJustice_Sheriff_Required_Response.pdf
2021,Turn On Tune In and Drop Out (Broadband Access in Santa Cruz County),Information Techbology,Infrastructure,Board of Supervisors,Office of Education,County,https://www.santacruzcountyca.gov/Portals/0/County/GrandJury/GJ2021_final/6_Internet_Report.pdf,https://www.santacruzcountyca.gov/Portals/0/County/GrandJury/GJ2021_final/6a_Internet_BoS_Required_Response.pdf,https://www.santacruzcountyca.gov/Portals/0/County/GrandJury/GJ2021_final/6b_Internet_SuptCountyEd_Required_Response.pdf
2021,The CZU Lightning Complex Fire - Learn...or Burn?,Fire Safety,,Board of Supervisors,Bruce McPherson,County,https://www.santacruzcountyca.gov/Portals/0/County/GrandJury/GJ2021_final/8_AfterCZU_Report.pdf,https://www.santacruzcountyca.gov/Portals/0/County/GrandJury/GJ2021_final/8a_AfterCZU_BoS_Required_Response.pdf,https://www.santacruzcountyca.gov/Portals/0/County/GrandJury/GJ2021_final/8b_AfterCZU_McPherson_Required_Response.pdf
2021,Santa Cruz County Agricultural Commissioner's Office Can Get By with a Little Help from Its Friends,Public Health,Agriculture,Board of Supervisors,Agricultural Commissioner,County,https://www.santacruzcountyca.gov/Portals/0/County/GrandJury/GJ2021_final/7_AgComm_Report.pdf,https://www.santacruzcountyca.gov/Portals/0/County/GrandJury/GJ2021_final/7a_AgComm_BoS_Required_Response.pdf,https://www.santacruzcountyca.gov/Portals/0/County/GrandJury/GJ2021_final/7b_AgComm_AgComm_Invited_Response.pdf
2022,Our Water Account Is Overdrawn,Climate Change,Infrastructure,Board of Supervisors,,County,https://www.santacruzcountyca.gov/Portals/0/County/GrandJury/GJ2022_final/2022-2_Water_Report.pdf,https://www.santacruzcountyca.gov/Portals/0/County/GrandJury/GJ2022_final/2022-2a_Water_CC-SantaCruz_Response.pdf,https://www.santacruzcountyca.gov/Portals/0/County/GrandJury/GJ2022_final/2022-2b_Water_BoD-MCGMA_Response.pdf
2022,Words Matter - Did Measure G Mislead Voters?,Government,Elections,Santa Cruz City Council,Mid-County Groundwater Management Agency,County,https://www.santacruzcountyca.gov/Portals/0/County/GrandJury/GJ2022_final/2022-4_MeasureG_Report.pdf,https://www.santacruzcountyca.gov/Portals/0/County/GrandJury/GJ2022_final/2022-4a_MeasureG_BoS_Response.pdf,
2022,"How a Community Center Became a ""Library""",Libraries,,Board of Supervisors,Library Joint Powers Authority,County,https://www.santacruzcountyca.gov/Portals/0/County/GrandJury/GJ2022_final/2022-3_MeasureS_Report.pdf,https://www.santacruzcountyca.gov/Portals/0/County/GrandJury/GJ2022_final/2022-3a_MeasureS_BoS_Response.pdf,https://www.santacruzcountyca.gov/Portals/0/County/GrandJury/GJ2022_final/2022-3b_MeasureS_LibraryJPA_Response.pdf
2022,Reducing Our Community's Risk from Wildfire,Fire Safety,,Board of Supervisors,,County,https://www.santacruzcountyca.gov/Portals/0/County/GrandJury/GJ2022_final/2022-5_CZUFire_Report.pdf,https://www.santacruzcountyca.gov/Portals/0/County/GrandJury/GJ2022_final/2022-5a_CZUFire_BoS_Response.pdf,
2023,CORE: The Needs of The Community Equitably Distributed,Government,,Director of Human Services,Chief Administrative Officer,County,https://www.santacruzcountyca.gov/Portals/0/County/GrandJury/GJ2023_final/2023-2_CORE_Report.pdf,https://www.santacruzcountyca.gov/Portals/0/County/GrandJury/GJ2023_final/2023-2aI_CORE_DirHumSvcs_Invited.pdf,https://www.santacruzcountyca.gov/Portals/0/County/GrandJury/GJ2023_final/2023-2bI_CORE_CAO_Invited.pdf
2023,Cyber Threat Preparedness,Information Techbology,,Board of Supervisors,Santa Cruz City Council,County,https://www.santacruzcountyca.gov/Portals/0/County/GrandJury/GJ2023_final/2023-3_Cyber_Report.pdf,https://www.santacruzcountyca.gov/Portals/0/County/GrandJury/GJ2023_final/2023-3aR_Cyber_BoS_Required.pdf,https://www.santacruzcountyca.gov/Portals/0/County/GrandJury/GJ2023_final/2023-3bR_Cyber_SantaCruzCC_Required.pdf
2023,Envisioning the Future of our Jails,Jails,,Board of Supervisors,Sheriff-Coroner,County,https://www.santacruzcountyca.gov/Portals/0/County/GrandJury/GJ2023_final/2023-5_Jails_Report.pdf,https://www.santacruzcountyca.gov/Portals/0/County/GrandJury/GJ2023_final/2023-5aR_Jails_BoS_Required.pdf,https://www.santacruzcountyca.gov/Portals/0/County/GrandJury/GJ2023_final/2023-5bR_Jails_Sheriff_Required.pdf
2023,Housing Our Workers,Housing,,Board of Supervisors,Capitola City Council,County,https://www.santacruzcountyca.gov/Portals/0/County/GrandJury/GJ2023_final/2023-4_Housing_Report.pdf,https://www.santacruzcountyca.gov/Portals/0/County/GrandJury/GJ2023_final/2023-4aR_Housing_BoS_Required.pdf,https://www.santacruzcountyca.gov/Portals/0/County/GrandJury/GJ2023_final/2023-4bR_Housing_CapitolaCC_Required.pdf
2023,Diagnosing the Crisis in Behavioral Health,Public Health,,Board of Supervisors,Mental Health Advisory Board,County,https://www.santacruzcountyca.gov/Portals/0/County/GrandJury/GJ2023_final/2023-6_BHD_Report.pdf,https://www.santacruzcountyca.gov/Portals/0/County/GrandJury/GJ2023_final/2023-6aR_BHD_BoS_Required.pdf,https://www.santacruzcountyca.gov/Portals/0/County/GrandJury/GJ2023_final/2023-6cI_BHD_MHAB_Invited.pdf
2023,Surveillance State in Santa Cruz County,Public Safety,,Sheriff-Coroner,Public Defender,County,https://www.santacruzcountyca.gov/Portals/0/County/GrandJury/GJ2023_final/2023-7_Surveillance_Report.pdf,https://www.santacruzcountyca.gov/Portals/0/County/GrandJury/GJ2023_final/2023-7aR_Surveillance_Sheriff_Required.pdf,https://www.santacruzcountyca.gov/Portals/0/County/GrandJury/GJ2023_final/2023-7bi_Surveillance_PubDef_Invited.pdf
2023,Code Compliance Division - Out of Compliance,Housing,Planning,Board of Supervisors,County Principal Planner,County,https://www.santacruzcountyca.gov/Portals/0/County/GrandJury/GJ2023_final/2023-8_Planning_Report.pdf,https://www.santacruzcountyca.gov/Portals/0/County/GrandJury/GJ2023_final/2023-8aR_Planning_BoS_Required.pdf,https://www.santacruzcountyca.gov/Portals/0/County/GrandJury/GJ2023_final/2023-8bI_Planning_PrinPlan_Invited.pdf
2024,Santa Cruz County Local Roads,Infrastructure,,Board of Supervisors,LAFCO,County,https://www.santacruzcountyca.gov/Portals/0/County/GrandJury/GJ2024_final/2024-1_Roads_Report.pdf,https://www.santacruzcountyca.gov/Portals/0/County/GrandJury/GJ2024_final/2024-1aR_Roads_BoS_Required_Response.pdf,https://www.santacruzcountyca.gov/Portals/0/County/GrandJury/GJ2024_final/2024-1bR_Roads_LAFCO_Required_Response.pdf
2024,We Can Do Better with Our Jails!,Jails,Public Health,Sheriff-Coroner,Sheriff Chief Deputy,County,https://www.santacruzcountyca.gov/Portals/0/County/GrandJury/GJ2024_final/2024-5_Jails_Report.pdf,https://www.santacruzcountyca.gov/Portals/0/County/GrandJury/GJ2024_final/2024-5aR_Jails_Sheriff_Required_Response.pdf,https://www.santacruzcountyca.gov/Portals/0/County/GrandJury/GJ2024_final/2024-5bI_Jails_ChDeputySO_Invited_Response.pdf
2024,County Behavioral Health Services - A State of Mind,Public Health,,Board of Supervisors,Superintendent of Schools,County,https://www.santacruzcountyca.gov/Portals/0/County/GrandJury/GJ2024_final/2024-7_HSA_Report.pdf,https://www.santacruzcountyca.gov/Portals/0/County/GrandJury/GJ2024_final/2024-7aR_HSA_BoS_Required_Response.pdf,https://www.santacruzcountyca.gov/Portals/0/County/GrandJury/GJ2024_final/2024-7bR_HSA_SoS_Required_Response.pdf
2024,Best Interest of a Child - Report on Child Protective Services,Child Protection,,Board of Supervisors,,County,https://www.santacruzcountyca.gov/Portals/0/County/GrandJury/GJ2024_final/2024-4_CPS_Report.pdf,https://www.santacruzcountyca.gov/Portals/0/County/GrandJury/GJ2024_final/2024-4aR_CPS_BoS_Required_Response.pdf,
2024,Victims of the CZU Wildfire - Four Years Later,Fire Safety,,Board of Supervisors,Community Development and Infrastructure,Santa Cruz Mountains,https://www.santacruzcountyca.gov/Portals/0/County/GrandJury/GJ2024_final/2024-6_CZU_Report.pdf,https://www.santacruzcountyca.gov/Portals/0/County/GrandJury/GJ2024_final/2024-6aR_CZU_BoS_Required_Response.pdf,https://www.santacruzcountyca.gov/Portals/0/County/GrandJury/GJ2024_final/2024-6dI_CZU_DirCDI_Invited_Response.pdf
2024,Housing For Whom?,Housing,,Santa Cruz City Council,,Santa Cruz,https://www.santacruzcountyca.gov/Portals/0/County/GrandJury/GJ2024_final/2024-8_Housing_Report.pdf,https://www.santacruzcountyca.gov/Portals/0/County/GrandJury/GJ2024_final/2024-8aR_Housing_SantaCruzCC_Required_Response.pdf,
2024,New Recruiting Ideas for the Personnel Department,Government,,Board of Supervisors,,County,https://www.santacruzcountyca.gov/Portals/0/County/GrandJury/GJ2024_final/2024-3_Personnel_Report.pdf,https://www.santacruzcountyca.gov/Portals/0/County/GrandJury/GJ2024_final/2024-3aR_Personnel_BoS_Required_Response.pdf,
2024,City of Santa Cruz: Preventing Rape and Domestic Violence,Public Safety,,Santa Cruz City Council,Commission for the Prevention of Violence Against Women,Santa Cruz,https://www.santacruzcountyca.gov/Portals/0/County/GrandJury/GJ2024_final/2024-9_RapeData_Report.pdf,https://www.santacruzcountyca.gov/Portals/0/County/GrandJury/GJ2024_final/2024-9aR_RapeData_SantaCruzCC_Required_Response.pdf,https://www.santacruzcountyca.gov/Portals/0/County/GrandJury/GJ2024_final/2024-9cI_RapeData_CPVAW_Invited_Response.pdf
2025,"""Climate Action"" Demands Outreach",Climate Change,,Board of Supervisors,OR3,County,https://www.santacruzcountyca.gov/Portals/0/County/GrandJury/GJ2025_final/2025-1_Climate_Outreach_Report.pdf,https://www.santacruzcountyca.gov/Portals/0/County/GrandJury/GJ2025_final/2025-1a_Climate_BoS_Required_Response.pdf,https://www.santacruzcountyca.gov/Portals/0/County/GrandJury/GJ2025_final/2025-1b_Climate_OR3_Invited_Response.pdf
2025,Handcuffing and Transport,Public Safety,,Watsonville City Council,Watsonville Chief of Police,Watsonville,https://www.santacruzcountyca.gov/Portals/0/County/GrandJury/GJ2025_final/2025-4_Handcuffing_and_Transport_Report.pdf,https://www.santacruzcountyca.gov/Portals/0/County/GrandJury/GJ2025_final/2025-4a_Handcuffing_WCC_RequiredResponse.pdf,https://www.santacruzcountyca.gov/Portals/0/County/GrandJury/GJ2025_final/2025-4b_Handcuffing_WPD_InvitedResponse.pdf
2025,Navigating the Building Permit Process AGAIN,Housing,Planning,Board of Supervisors,Community Development and Infrastructure,County,https://www.santacruzcountyca.gov/Portals/0/County/GrandJury/GJ2025_final/2025-3_Permitting_Report.pdf,https://www.santacruzcountyca.gov/Portals/0/County/GrandJury/GJ2025_final/2025-3a_Navigating_BoS_RequiredResponse.pdf,https://www.santacruzcountyca.gov/Portals/0/County/GrandJury/GJ2025_final/2025-3b_Navigating_CDI_InvitedResponse.pdf
2025,Human Trafficking in Santa Cruz County,Public Safety,,Board of Supervisors,Sheriff-Coroner,County,https://www.santacruzcountyca.gov/Portals/0/County/GrandJury/GJ2025_final/2025-5_Human_Trafficking_Report.pdf,https://www.santacruzcountyca.gov/Portals/0/County/GrandJury/GJ2025_final/2025-5a_Human_BoS_RequiredResponse.pdf,https://www.santacruzcountyca.gov/Portals/0/County/GrandJury/GJ2025_final/2025-5b_Human_SHF_RequiredResponse.pdf
2025,If You Can't Measure It You Can't Manage It,Government,Public Health,Board of Supervisors,Central California Alliance for Health,County,https://www.santacruzcountyca.gov/Portals/0/County/GrandJury/GJ2025_final/2025-6_High_Cost_Beneficiaries_Report.pdf,https://www.santacruzcountyca.gov/Portals/0/County/GrandJury/GJ2025_final/2025-6a_Measure_BoS_RequiredResponse.pdf,https://www.santacruzcountyca.gov/Portals/0/County/GrandJury/GJ2025_final/2025-6b_Measure_CCAH_RequiredResponse.pdf
2026,Walking in the County of Santa Cruz is Not for the Faint of Heart,Infrastructure,,Board of Supervisors,Watsonville City Council,County,https://www.santacruzcountyca.gov/Portals/0/County/GrandJury/GJ2026_final/Walking%20in%20Santa%20Cruz.pdf,,
2026,Problematic Parking at the County Building,Transportation,Infrastructure,Board of Supervisors,,County,https://www.santacruzcountyca.gov/Portals/0/County/GrandJury/GJ2026_final/Problematic%20Parking.pdf,,
2026,Election Integrity,Elections,,County Ckerk,Board of Supervisors,County,https://www.santacruzcountyca.gov/Portals/0/County/GrandJury/GJ2026_final/Election%20Integrity.pdf,,
2026,Santa Cruz County's Housing Crisis,Housing,,Board of Supervisors,,County,https://www.santacruzcountyca.gov/Portals/0/County/GrandJury/GJ2026_final/Housing%20Crisis.pdf,,
2026,County Behavioral Health,Public Health,,Board of Supervisors,Sheriff-Coroner,County,https://www.santacruzcountyca.gov/Portals/0/County/GrandJury/GJ2026_final/Behavioral%20Health.pdf,,
2026,The Santa Cruz Branch Rail Line,Infrastructure,Transportation,Regional Transportation Commission,,County,https://www.santacruzcountyca.gov/Portals/0/County/GrandJury/GJ2026_final/Santa%20Cruz%20Branch%20Rail%20Line.pdf,,